chrom	start	end	score	label	fill	border
chr11	121662218	121662219	9	var1	#E69F00	black
chr11	121662309	121662310	3	var2	#56B4E9	black
chr11	121664196	121664197	5	var3	#CC79A7	black
chr11	121666760	121666761	3	var4	#0080FF	black
chr11	121667714	121667715	7	var5	#0080FF	black
chr11	121677244	121677245	5	var6	#E69F00	black
chr11	121677472	121677473	9	var7	#0080FF	black
chr11	121679880	121679881	7	var8	#0080FF	black
chr11	121687107	121687108	2	var9	#56B4E9	black
chr11	121690142	121690143	4	var10	#E69F00	black
chr11	121693000	121693001	9	var11	#56B4E9	black
chr11	121697222	121697223	2	var12	#56B4E9	black
chr11	121698643	121698644	10	var13	#E69F00	black
chr11	121702539	121702540	9	var14	#D55E00	black
chr11	121705580	121705581	10	var15	#56B4E9	black
chr11	121715156	121715157	5	var16	#CC79A7	black
chr11	121716335	121716336	2	var17	#CC79A7	black
chr11	121718335	121718336	4	var18	#0080FF	black
chr11	121720599	121720600	7	var19	#CC79A7	black
chr11	121721184	121721185	8	var20	#0080FF	black
chr11	121721712	121721713	3	var21	#D55E00	black
chr11	121724404	121724405	1	var22	#E69F00	black
chr11	121726269	121726270	4	var23	#E69F00	black
chr11	121726374	121726375	2	var24	#E69F00	black
chr11	121727174	121727175	8	var25	#CC79A7	black
chr11	121728252	121728253	4	var26	#D55E00	black
chr11	121728670	121728671	2	var27	#CC79A7	black
chr11	121728884	121728885	6	var28	#CC79A7	black
chr11	121729418	121729419	6	var29	#D55E00	black
chr11	121733381	121733382	10	var30	#D55E00	black
